cluster,cluster_size,cluster_pct,horas_consumo_mensual_mean,gasto_mensual_mean,cantidad_contenidos_vistos_mean,sesiones_semana_mean,porcentaje_finalizacion_mean,tiempo_promedio_sesion_min_mean,cantidad_generos_consumidos_mean,porcentaje_uso_promociones_mean,antiguedad_cliente_meses_mean,edad_mean,dispositivos_registrados_mean,porcentaje_uso_app_movil_mean,cantidad_perfiles_creados_mean,interacciones_mensuales_soporte_mean,distancia_promedio_red_km_mean,horas_consumo_mensual_median,gasto_mensual_median,cantidad_contenidos_vistos_median,sesiones_semana_median,porcentaje_finalizacion_median,tiempo_promedio_sesion_min_median,cantidad_generos_consumidos_median,porcentaje_uso_promociones_median,antiguedad_cliente_meses_median,edad_median,dispositivos_registrados_median,porcentaje_uso_app_movil_median,cantidad_perfiles_creados_median,interacciones_mensuales_soporte_median,distancia_promedio_red_km_median
0,77,25.666666666666664,46.48051948051948,428.09090909090907,25.428571428571427,4.896103896103896,84.01298701298701,212.16883116883116,9.324675324675324,0.08884051512199578,70.81818181818181,39.72727272727273,2.987012987012987,0.6107792207792208,2.7662337662337664,3.792207792207792,35.61818181818182,46.0,410.0,25.0,5.0,84.0,223.0,9.0,0.0886546174887236,72.0,38.0,3.0,0.61,3.0,4.0,30.1
1,112,37.333333333333336,28.866071428571427,212.0,49.017857142857146,15.017857142857142,67.83928571428571,114.88392857142857,6.017857142857143,0.3055260816624656,43.705357142857146,43.82142857142857,2.9642857142857144,0.6008035714285714,2.9017857142857144,3.2232142857142856,46.004464285714285,28.0,215.5,49.0,15.0,68.0,113.0,6.0,0.2987028599506908,45.0,43.5,3.0,0.615,3.0,3.0,47.1
2,111,37.0,35.5045045045045,79.67567567567568,10.243243243243244,3.4684684684684686,37.810810810810814,43.86486486486486,2.5855855855855854,0.5214786859533397,14.63963963963964,48.153153153153156,3.27027027027027,0.5674774774774775,2.864864864864865,3.6126126126126126,39.83243243243243,37.0,78.0,11.0,4.0,37.0,42.0,3.0,0.5508596635694922,13.0,52.0,3.0,0.6,3.0,4.0,37.0
