k,inertia,silhouette_score
2,3339.6210898367717,0.23050871530406056
3,2728.752362063696,0.23128341862199955
4,2613.6964377953295,0.18001336910834628
5,2503.198365878246,0.1264409835776736
6,2428.895929183882,0.094077189604032
7,2371.598071165251,0.0929525769900346
8,2302.0419518456724,0.09434481031833175
9,2234.116874550504,0.09171626644008263
10,2186.210829048076,0.09198467559472455
