k,inertia,silhouette_score
2,3339.6210898367726,0.23050871530406056
3,2728.7523620636966,0.23128341862199955
4,2613.6964377953295,0.18001336910834628
5,2503.1983658782465,0.1264409835776736
6,2428.8959291838823,0.094077189604032
7,2371.598071165251,0.0929525769900346
8,2302.041951845673,0.09434481031833175
9,2234.1168745505033,0.09171626644008263
10,2186.2108290480755,0.09198467559472455
